<?xml version="1.0" encoding="UTF-8"?>
<window>
  <defaultcontrol always="true">20</defaultcontrol>
  <controls>
    <include>Time</include>
    <control type="image">
      <posx>36</posx>
      <posy>60</posy>
      <width>1849</width>
      <height>1010</height>
      <texture flipx="true">dialogs/SettingsBG.png</texture>
    </control>
    <control type="label" description="Header">
      <posx>240</posx>
      <posy>110</posy>
      <width>920</width>
      <height>35</height>
      <align>center</align>
      <aligny>center</aligny>
      <textcolor>Highlight</textcolor>
      <label>$VAR[PVRChannelManagerHeader]</label>
    </control>
    <control type="group" description="All controls">
      <include>OpenClose</include>
      <posy>180</posy>
      <control type="panel" id="20">
        <posx>63</posx>
        <width>600</width>
        <height>790</height>
        <onleft>60</onleft>
        <onright>9002</onright>
        <onup>20</onup>
        <ondown>20</ondown>
        <pagecontrol>60</pagecontrol>
        <itemlayout width="600" height="99">
          <control type="image">
            <height>99</height>
            <width>600</width>
            <texture flipy="true" border="3">list/ListNF.png</texture>
          </control>
          <control type="label" description="Number">
            <height>99</height>
            <width>80</width>
            <align>center</align>
            <aligny>center</aligny>
            <info>ListItem.ChannelNumberLabel</info>
          </control>
          <control type="label" description="Main Label">
            <posx>90</posx>
            <height>55</height>
            <width>500</width>
            <scroll>false</scroll>
            <label>$INFO[ListItem.Label,[B],[/B]]</label>
          </control>
          <control type="label" description="Label2">
            <posx>90</posx>
            <posy>40</posy>
            <height>60</height>
            <font>Details</font>
            <width>500</width>
            <scroll>false</scroll>
            <label>$INFO[ListItem.Property(ClientName)]</label>
          </control>
        </itemlayout>
        <focusedlayout width="600" height="99">
          <control type="image">
            <height>99</height>
            <width>600</width>
            <texture border="4" colordiffuse="Highlight">img/WhiteRoundedST2.png</texture>
          </control>
          <control type="label" description="Number">
            <height>99</height>
            <width>80</width>
            <align>center</align>
            <aligny>center</aligny>
            <textcolor>Black</textcolor>
            <shadowcolor></shadowcolor>
            <info>ListItem.ChannelNumberLabel</info>
          </control>
          <control type="label" description="Main Label">
            <posx>90</posx>
            <height>55</height>
            <width>500</width>
            <scroll>false</scroll>
            <textcolor>Black</textcolor>
            <shadowcolor></shadowcolor>
            <label>$INFO[ListItem.Label,[B],[/B]]</label>
          </control>
          <control type="label" description="Label2">
            <posx>90</posx>
            <posy>40</posy>
            <height>60</height>
            <font>Details</font>
            <width>500</width>
            <scroll>false</scroll>
            <textcolor>Black</textcolor>
            <shadowcolor></shadowcolor>
            <label>$INFO[ListItem.Property(ClientName)]</label>
          </control>
        </focusedlayout>
      </control>
      <control type="image" id="10">
        <posx>750</posx>
        <posy>600</posy>
        <width>600</width>
        <height>210</height>
        <aspectratio aligny="top" align="center">keep</aspectratio>
        <texture fallback="DefaultSquare.png">$INFO[ListItem.Property(Icon)]</texture>
      </control>
      <control type="grouplist" id="9002" description="Middle">
        <posx>750</posx>
        <width>600</width>
        <height>900</height>
        <onleft>20</onleft>
        <onright>9000</onright>
        <onup>9002</onup>
        <ondown>9002</ondown>
        <control type="radiobutton" id="7" description="Activate channel">
          <width>600</width>
          <label>$LOCALIZE[19074]</label>
        </control>
        <control type="edit" id="8" description="Rename">
          <width>600</width>
          <label>$LOCALIZE[19201]</label>
          <texturenofocus border="3">buttons/ButtonNF.png</texturenofocus>
        </control>
        <control type="button" id="9" description="Change logo">
          <width>600</width>
          <label>$LOCALIZE[19202]</label>
          <texturenofocus border="3">buttons/ButtonNF.png</texturenofocus>
        </control>
        <control type="radiobutton" id="12" description="EPG active">
          <width>600</width>
          <label>$LOCALIZE[19206]</label>
        </control>
        <control type="spincontrolex" id="13" description="EPG source">
          <width>600</width>
          <label>$LOCALIZE[19200]</label>
        </control>
        <control type="radiobutton" id="14" description="Parental Lock">
          <width>600</width>
          <label>$LOCALIZE[19267]</label>
        </control>
        <control type="label" id="29" description="spacer">
          <width>600</width>
          <label></label>
        </control>
        <control type="button" id="30" description="Group Manager Button">
          <width>600</width>
          <label>$LOCALIZE[19205]</label>
          <texturenofocus border="3">buttons/ButtonNF.png</texturenofocus>
        </control>
        <control type="button" id="31" description="New channel">
          <width>600</width>
          <label>$LOCALIZE[19204]</label>
          <texturenofocus border="3">buttons/ButtonNF.png</texturenofocus>
        </control>
        <control type="togglebutton" id="34" description="TV/Radio toggle">
          <width>600</width>
          <label>$LOCALIZE[19024]</label>
          <altlabel>$LOCALIZE[19023]</altlabel>
          <usealttexture>!String.IsEmpty(Window.Property(IsRadio))</usealttexture>
        </control>
      </control>
      <control type="grouplist" id="9000" description="Right panel">
        <posx>1533</posx>
        <width>324</width>
        <height>900</height>
        <onleft>9002</onleft>
        <onright>20</onright>
        <onup>9000</onup>
        <ondown>9000</ondown>
        <control type="button" id="4" description="OK">
          <label>$LOCALIZE[186]</label>
          <width>324</width>
          <texturenofocus border="3">buttons/ButtonNF.png</texturenofocus>
        </control>
        <control type="button" id="5" description="Apply">
          <label>$LOCALIZE[14070]</label>
          <width>324</width>
          <texturenofocus border="3">buttons/ButtonNF.png</texturenofocus>
        </control>
        <control type="button" id="6" description="Cancel">
          <label>$LOCALIZE[222]</label>
          <width>324</width>
          <texturenofocus border="3">buttons/ButtonNF.png</texturenofocus>
        </control>
      </control>
    </control>
    <control type="scrollbar" id="60">
      <posx>45</posx>
      <posy>180</posy>
      <width>36</width>
      <height>790</height>
      <texturesliderbackground></texturesliderbackground>
      <texturesliderbar></texturesliderbar>
      <texturesliderbarfocus></texturesliderbarfocus>
      <textureslidernib border="18">OSD/ScrollbarNibNF.png</textureslidernib>
      <textureslidernibfocus border="18">OSD/ScrollbarNibFO.png</textureslidernibfocus>
      <showonepage>false</showonepage>
      <orientation>vertical</orientation>
      <onleft>9000</onleft>
      <onright>20</onright>
    </control>
  </controls>
</window>