<?xml version="1.0" encoding="UTF-8"?>
<window>
  <coordinates>
    <left>60</left>
    <top>75</top>
  </coordinates>
  <include>OpenClose</include>
  <controls>
    <control type="group" id="250">
      <control type="image" description="BG">
        <width>1800</width>
        <height>930</height>
        <texture border="24,21,24,24">dialogs/TinyDialog.png</texture>
      </control>
      <control type="group" description="Title Area">
        <control type="label" id="100" description="Active service Header">
          <left>30</left>
          <top>20</top>
          <width>1350</width>
          <textcolor>Highlight</textcolor>
          <height>40</height>
          <align>center</align>
          <aligny>center</aligny>
        </control>
        <control type="label" description="Player Title">
          <left>30</left>
          <top>70</top>
          <width>1350</width>
          <height>40</height>
          <label>$VAR[SubtitleDialogTitle]</label>
          <textcolor>Highlight</textcolor>
          <align>center</align>
          <aligny>center</aligny>
          <wrapmultiline>true</wrapmultiline>
        </control>
        <control type="image" id="110" description="Service Logo">
          <left>1400</left>
          <top>30</top>
          <width>375</width>
          <height>60</height>
          <aspectratio>keep</aspectratio>
        </control>
        <control type="label" id="140" description="Searching...">
          <left>30</left>
          <top>845</top>
          <width>1320</width>
          <height>30</height>
          <align>center</align>
          <aligny>center</aligny>
          <font>font12</font>
        </control>
        <control type="label"  description="Path">
          <left>30</left>
          <top>878</top>
          <width>1320</width>
          <height>30</height>
          <align>center</align>
          <aligny>center</aligny>
          <font>font12</font>
          <label>$INFO[Player.Filename]</label>
        </control>
      </control>
      <!-- ** Required ** Do not change <id>or<type>-->
      <control type="group" description="Main list Area">
        <left>30</left>
        <top>120</top>
        <control type="image">
          <width>1350</width>
          <height>768</height>
          <texture border="5">dialogs/FileManagerPanel.png</texture>
        </control>
        <control type="list" id="120" description="Main list">
          <top>32</top>
          <left>32</left>
          <width>1286</width>
          <height>658</height>
          <onleft>60</onleft>
          <onright>150</onright>
          <onup>120</onup>
          <ondown>120</ondown>
          <viewtype label="535">list</viewtype>
          <pagecontrol>60</pagecontrol>
          <scrolltime>200</scrolltime>
          <itemlayout width="1286" height="54">
            <control type="image">
              <width>1286</width>
              <height>54</height>
              <texture border="3">buttons/ButtonNF.png</texture>
            </control>
            <control type="image" description="Country Tag BG">
              <left>10</left>
              <top>6</top>
              <width>60</width>
              <height>42</height>
              <texture border="3">img/WhiteRoundedT.png</texture>
            </control>
            <control type="label" description="Country Tag">
              <left>10</left>
              <top>6</top>
              <width>60</width>
              <height>42</height>
              <font>ListDetails</font>
              <align>center</align>
              <textcolor>Highlight</textcolor>
              <label>$INFO[ListItem.Thumb,[UPPERCASE],[/UPPERCASE]]</label>
            </control>
            <control type="image">
              <left>76</left>
              <top>6</top>
              <width>135</width>
              <height>42</height>
              <aspectratio>keep</aspectratio>
              <texture>badges/icon_sync.png</texture>
              <visible>ListItem.property(sync)</visible>
            </control>
            <control type="label" description="Language">
              <left>76</left>
              <width>135</width>
              <height>54</height>
              <font>font12</font>
              <aligny>center</aligny>
              <scroll>false</scroll>
              <align>center</align>
              <label>$INFO[ListItem.Label]</label>
              <visible>!ListItem.property(sync)</visible>
            </control>
            <control type="image">
              <left>214</left>
              <top>6</top>
              <width>42</width>
              <height>42</height>
              <aspectratio>keep</aspectratio>
              <texture>badges/icon_cc.png</texture>
              <visible>ListItem.property(hearing_imp)</visible>
            </control>
            <control type="label" description="Title">
              <left>274</left>
              <width>900</width>
              <height>54</height>
              <font>ListDetails</font>
              <scroll>false</scroll>
              <align>left</align>
              <aligny>center</aligny>
              <label>$INFO[ListItem.Label2]</label>
            </control>
            <control type="image">
              <right>10</right>
              <top>6</top>
              <width>90</width>
              <height>42</height>
              <colordiffuse>Grey2</colordiffuse>
              <aspectratio>keep</aspectratio>
              <texture fallback="badges/ratings/ratingNR.png">badges/ratings/rating$INFO[ListItem.ActualIcon].png</texture>
            </control>
          </itemlayout>
          <focusedlayout width="1286" height="54">
            <control type="image">
              <width>1286</width>
              <height>54</height>
              <texture border="4" colordiffuse="Highlight">img/WhiteRoundedST2.png</texture>
              <animation effect="fade" start="100" end="50" time="100" condition="!Control.HasFocus(120)">Conditional</animation>
            </control>
            <control type="image" description="Country Tag BG">
              <left>10</left>
              <top>6</top>
              <width>60</width>
              <height>42</height>
              <texture border="3">img/WhiteRoundedT.png</texture>
              <colordiffuse>Black</colordiffuse>
            </control>
            <control type="label" description="Country Tag">
              <left>10</left>
              <top>6</top>
              <width>60</width>
              <height>42</height>
              <font>ListDetails</font>
              <align>center</align>
              <textcolor>Black</textcolor>
              <shadowcolor></shadowcolor>
              <label>$INFO[ListItem.Thumb,[UPPERCASE],[/UPPERCASE]]</label>
            </control>
            <control type="image">
              <left>76</left>
              <top>6</top>
              <width>135</width>
              <height>42</height>
              <aspectratio>keep</aspectratio>
              <texture>badges/icon_sync.png</texture>
              <visible>ListItem.property(sync)</visible>
            </control>
            <control type="label" description="Language">
              <left>76</left>
              <width>135</width>
              <height>54</height>
              <font>font12</font>
              <aligny>center</aligny>
              <scroll>false</scroll>
              <align>center</align>
              <label>$INFO[ListItem.Label]</label>
              <textcolor>Black</textcolor>
              <shadowcolor></shadowcolor>
              <visible>!ListItem.property(sync)</visible>
            </control>
            <control type="image">
              <left>214</left>
              <top>6</top>
              <width>42</width>
              <height>42</height>
              <aspectratio>keep</aspectratio>
              <texture>badges/icon_cc.png</texture>
              <visible>ListItem.property(hearing_imp)</visible>
            </control>
            <control type="label" description="Title">
              <left>274</left>
              <width>900</width>
              <height>54</height>
              <font>ListDetails</font>
              <scroll>false</scroll>
              <align>left</align>
              <aligny>center</aligny>
              <label>$INFO[ListItem.Label2]</label>
              <textcolor>Black</textcolor>
              <shadowcolor></shadowcolor>
            </control>
            <control type="image">
              <right>10</right>
              <top>6</top>
              <width>90</width>
              <height>42</height>
              <aspectratio>keep</aspectratio>
              <texture fallback="badges/ratings/ratingNR.png">badges/ratings/rating$INFO[ListItem.ActualIcon].png</texture>
            </control>
          </focusedlayout>
        </control>
      </control>
      <control type="group" id="250" description="Right side options group">
        <posx>1410</posx>
        <posy>120</posy>
        <control type="image">
          <top>60</top>
          <width>348</width>
          <height>432</height>
          <texture border="5">dialogs/TinyDialog.png</texture>
        </control>
        <control type="label" description="Options title right menu">
          <top>20</top>
          <width>348</width>
          <height>30</height>
          <label>$LOCALIZE[24018]</label>
          <font>ListDetails</font>
          <align>center</align>
        </control>
        <control type="list" id="150">
          <top>92</top>
          <left>32</left>
          <width>284</width>
          <height>432</height>
          <onleft>120</onleft>
          <onright>120</onright>
          <onup>201</onup>
          <ondown>201</ondown>
          <scrolltime>200</scrolltime>
          <itemlayout width="348" height="54">
            <control type="image">
              <height>54</height>
              <width>348</width>
              <texture border="3">buttons/ButtonNF.png</texture>
            </control>
            <control type="label">
              <posx>18</posx>
              <width>348</width>
              <height>54</height>
              <font>ListDetails</font>
            <label>$INFO[ListItem.Label]</label>
            </control>
          </itemlayout>
          <focusedlayout width="348" height="54">
            <control type="image">
              <height>54</height>
              <width>348</width>
              <texture border="3">buttons/ButtonNF.png</texture>
              <visible>!Control.HasFocus(150)</visible>
            </control>
            <control type="image">
              <height>54</height>
              <width>348</width>
              <texture border="4" colordiffuse="Highlight">img/WhiteRoundedST2.png</texture>
              <visible>Control.HasFocus(150)</visible>
            </control>
            <control type="label">
              <posx>18</posx>
              <height>54</height>
              <width>348</width>
              <font>ListDetails</font>
              <label>$INFO[ListItem.Label]</label>
              <visible>!Control.HasFocus(150)</visible>
            </control>
            <control type="label">
              <posx>18</posx>
              <height>54</height>
              <width>348</width>
              <font>ListDetails</font>
              <label>$INFO[ListItem.Label]</label>
              <textcolor>Black</textcolor>
              <selectedcolor>Black</selectedcolor>
              <shadowcolor></shadowcolor>
              <visible>Control.HasFocus(150)</visible>
            </control>
          </focusedlayout>
        </control>
        <control type="grouplist" id="201">
          <top>510</top>
          <width>348</width>
          <onup>150</onup>
          <ondown>150</ondown>
          <itemgap>10</itemgap>
          <control type="button" id="200" description="Close">
            <top>660</top>
            <width>348</width>
            <height>54</height>
            <font>ListDetails</font>
            <onclick>dialog.close(all,true)</onclick>
            <onleft>120</onleft>
            <onright>120</onright>
            <onup>150</onup>
            <ondown>150</ondown>
            <label>$LOCALIZE[186]</label>
            <onleft>120</onleft>
            <onright>120</onright>
            <align>center</align>
          </control>
          <control type="button" id="160" description="Manual search Button">
            <top>660</top>
            <width>348</width>
            <height>54</height>
            <font>ListDetails</font>
            <onleft>120</onleft>
            <onright>120</onright>
            <onup>150</onup>
            <ondown>150</ondown>
            <label>$LOCALIZE[24120]</label>
            <onleft>120</onleft>
            <onright>120</onright>
            <align>center</align>
          </control>
        </control>
        <control type="label" id="130" description="Notification Local subtitle available">
          <top>660</top>
          <width>348</width>
          <height>60</height>
          <textcolor>Highlight</textcolor>
          <label>$LOCALIZE[31357]</label>
          <font>ListDetails</font>
          <align>center</align>
          <aligny>center</aligny>
          <wrapmultiline>true</wrapmultiline>
        </control>
      </control>
      <control type="scrollbar" id="60">
        <left>25</left>
        <top>152</top>
        <width>36</width>
        <height>658</height>
        <texturesliderbackground></texturesliderbackground>
        <texturesliderbar></texturesliderbar>
        <texturesliderbarfocus></texturesliderbarfocus>
        <textureslidernib border="18">OSD/ScrollbarNibNF.png</textureslidernib>
        <textureslidernibfocus border="18">OSD/ScrollbarNibFO.png</textureslidernibfocus>
        <showonepage>true</showonepage>
        <orientation>vertical</orientation>
        <onleft>120</onleft>
        <onright>120</onright>
      </control>
    </control>
  </controls>
</window>
