<?xml version="1.0" encoding="UTF-8"?>
<window>
  <defaultcontrol always="true">11</defaultcontrol>
  <include>OpenClose</include>
  <controls>
    <control type="group">
      <posx>609</posx>
      <posy>105</posy>
      <control type="image">
        <posx>20</posx>
        <width>664</width>
        <height>185</height>
        <texture border="45">dialogs/TinyDialog.png</texture>
      </control>
      <control type="label" id="10" description="Heading">
        <posy>20</posy>
        <width>704</width>
        <height>40</height>
        <align>center</align>
        <textcolor>Highlight</textcolor>
      </control>
      <control type="slider" id="11" description="Slider">
        <posx>80</posx>
        <posy>60</posy>
        <width>546</width>
        <onup>11</onup>
        <ondown>11</ondown>
        <onleft>11</onleft>
        <onright>11</onright>
      </control>
      <control type="label" id="12" description="Slider value">
        <posx>30</posx>
        <posy>120</posy>
        <width>646</width>
        <height>40</height>
        <align>center</align>
        <font>font24_title</font>
        <textcolor>White</textcolor>
      </control>
    </control>
  </controls>
</window>