<?xml version="1.0" encoding="UTF-8"?>
<window>
  <visible>Skin.HasSetting(Enable.NextUpNotifications)</visible>
  <defaultcontrol always="true">4012</defaultcontrol>
  <zorder>1</zorder>
  <include>OSDFade</include>
  <controls>
    <control type="label" id="4000">
      <visible>false</visible>
    </control>
    <control type="image" id="4001">
      <visible>false</visible>
    </control>
    <control type="image" id="4002">
      <visible>false</visible>
    </control>
    <control type="label" id="4003">
      <visible>false</visible>
    </control>
    <control type="label" id="4004">
      <visible>false</visible>
    </control>
    <control type="image" id="4005">
      <visible>false</visible>
    </control>
    <control type="image" id="4007">
      <visible>false</visible>
    </control>
    <control type="label" id="4008">
      <visible>false</visible>
    </control>
    <control type="label" id="4009">
      <visible>false</visible>
    </control>
    <control type="label" id="4011">
      <visible>false</visible>
    </control>
    <control type="group">
      <visible>!Window.IsVisible(playerprocessinfo)</visible>
      <top>720</top>
      <control type="image" description="Background">
        <width>1920</width>
        <height>361</height>
        <texture border="0,30,0,30">OSD/OSDBackground.png</texture>
        <colordiffuse>FFE2E2E2</colordiffuse>
      </control>
      <include content="ShadowedImage">
        <param name="top">698r</param>
        <param name="left">571r</param>
        <param name="width">525</param>
        <param name="height">652</param>
        <param name="shadowoffset">16</param>
        <param name="texture">$INFO[Control.GetLabel(4002)]</param>
        <param name="aligny">bottom</param>
      </include>
      <control type="group">
        <left>30</left>
        <top>40</top>
        <control type="label" description="Main label">
          <width>1305</width>
          <scroll>false</scroll>
          <align>left</align>
          <font>MainLabelBigTitle</font>
          <textcolor>Highlight</textcolor>
          <animation effect="fade" time="200">VisibleChange</animation>
          <label>$INFO[Control.GetLabel(4008),[COLOR Grey2]$ADDON[service.nextup.notification 30008]... [/COLOR],]$INFO[Control.GetLabel(4009),x,. ]$INFO[Control.GetLabel(4000)]</label>
        </control>
        <control type="textbox" id="4006">
          <top>65</top>
          <width>1305</width>
          <height>165</height>
          <align>justify</align>
          <font>InfoPlot</font>
        </control>
        <control type="grouplist" description="Flags">
          <top>245</top>
          <width>1285</width>
          <height>48</height>
          <itemgap>20</itemgap>
          <orientation>horizontal</orientation>
          <align>right</align>
          <control type="button" id="4012">
            <width>auto</width>
            <height>48</height>
            <align>center</align>
            <aligny>center</aligny>
            <font>InfoPlot</font>
            <textoffsetx>24</textoffsetx>
            <textoffsety>-16</textoffsety>
            <label>$ADDON[service.nextup.notification 30010]</label>
          </control>
          <control type="button" id="4013">
            <width>auto</width>
            <height>45</height>
            <align>center</align>
            <aligny>center</aligny>
            <font>InfoPlot</font>
            <label>$LOCALIZE[222]</label>
            <textoffsetx>24</textoffsetx>
            <textoffsety>-16</textoffsety>
          </control>
        </control>
        <control type="label" description="Total Time">
          <align>left</align>
          <top>248</top>
          <width>800</width>
          <height>48</height>
          <label>$VAR[NextUpCountdown]</label>
        </control>
      </control>
    </control>
  </controls>
</window>