<?xml version="1.0" encoding="UTF-8"?>
<window>
  <controls>
    <control type="group" id="100">
      <control type="label" id="110">
        <font></font>
      </control>
      <control type="label" id="120">
        <font></font>
      </control>
      <control type="label" id="130">
        <font></font>
      </control>
      <control type="label" id="140">
        <font></font>
      </control>
      <control type="label" id="150">
        <font></font>
      </control>
      <control type="label" id="160">
        <font></font>
      </control>
      <control type="label" id="170">
        <font></font>
      </control>
      <control type="label" id="180">
        <font></font>
      </control>
      <control type="label" id="210">
        <font></font>
      </control>
      <control type="label" id="220">
        <font></font>
      </control>
      <control type="label" id="230">
        <font></font>
      </control>
      <include>DefaultBackground</include>
      <control type="image">
        <width>1920</width>
        <height>1080</height>
        <texture background="true">$VAR[GlobalSearchFanArt]</texture>
        <aspectratio>scale</aspectratio>
        <fadetime>400</fadetime>
      </control>
      <include content="BackgroundOverlay">
        <param name="parentid" value="100"/>
      </include>
      <include>Time</include>
      <control type="group">
        <animation effect="fade" start="100" end="0" time="200" condition="Window.IsVisible(script-globalsearch-infodialog.xml)">Conditional</animation>
        <control type="image">
          <left>60</left>
          <top>60</top>
          <width>412</width>
          <height>980</height>
          <texture border="45">dialogs/TinyDialog.png</texture>
        </control>
        <control type="radiobutton">
          <left>80</left>
          <top>14</top>
          <width>420</width>
          <height>110</height>
          <font></font>
          <label></label>
          <radioposx>338</radioposx>
          <textoffsetx>40</textoffsetx>
          <radioposy>0</radioposy>
          <radiowidth>40</radiowidth>
          <radioheight>40</radioheight>
          <visible>!Control.IsVisible(198)</visible>
        </control>
        <control type="label" id="190">
          <left>105</left>
          <top>100</top>
          <width>322</width>
          <height>60</height>
          <aligny>center</aligny>
          <label></label>
        </control>
        <control type="label" id="191">
          <left>105</left>
          <top>145</top>
          <width>322</width>
          <height>60</height>
          <aligny>center</aligny>
          <label></label>
        </control>
        <control type="radiobutton" id="198">
          <left>105</left>
          <top>104</top>
          <width>322</width>
          <height>60</height>
          <onup>9000</onup>
          <ondown>9000</ondown>
          <onleft>101</onleft>
          <onright>101</onright>
          <aligny>center</aligny>
          <label></label>
          <radioposx>338</radioposx>
          <textoffsetx>10</textoffsetx>
          <radioposy>0</radioposy>
          <radiowidth>40</radiowidth>
          <radioheight>40</radioheight>
          <textureradioonfocus></textureradioonfocus>
          <textureradioonnofocus></textureradioonnofocus>
          <textureradioofffocus></textureradioofffocus>
          <textureradiooffnofocus></textureradiooffnofocus>
        </control>
        <control type="group">
          <control type="list" id="9000">
            <posx>105</posx>
            <posy>220</posy>
            <width>322</width>
            <height>780</height>
            <onleft>101</onleft>
            <onright>101</onright>
            <onup>198</onup>
            <ondown>198</ondown>
            <pagecontrol></pagecontrol>
            <scrolltime>280</scrolltime>
            <itemlayout width="322" height="60">
              <control type="image">
                <width>322</width>
                <height>60</height>
                <texture border="3">buttons/ButtonNF.png</texture>
              </control>
              <control type="label" description="Main Label">
                <posx>10</posx>
                <width>301</width>
                <height>60</height>
                <label>$INFO[ListItem.Label]</label>
              </control>
              <control type="label" description="Main Label">
                <posx>10</posx>
                <width>301</width>
                <height>60</height>
                <align>right</align>
                <label>$INFO[ListItem.Label2]</label>
              </control>
            </itemlayout>
            <focusedlayout width="322" height="60">
              <control type="image" description="fa overlay">
                <animation effect="fade" start="100" end="40" time="100" condition="!Control.HasFocus(9000)">Conditional</animation>
                <width>322</width>
                <height>60</height>
                <texture border="4" colordiffuse="Highlight">img/WhiteRoundedST2.png</texture>
              </control>
              <control type="label" description="Main Label">
                <posx>10</posx>
                <width>301</width>
                <height>60</height>
                <textcolor>Black</textcolor>
                <shadowcolor></shadowcolor>
                <label>$INFO[ListItem.Label]</label>
              </control>
              <control type="label" description="Main Label">
                <posx>10</posx>
                <width>301</width>
                <height>60</height>
                <align>right</align>
                <textcolor>Black</textcolor>
                <shadowcolor></shadowcolor>
                <label>$INFO[ListItem.Label2]</label>
              </control>
            </focusedlayout>
            <content>
              <item id="1">
                <label>$LOCALIZE[342]</label>
                <label2>$INFO[Control.GetLabel(110),(,)]</label2>
                <onclick>noop</onclick>
                <visible>Control.IsVisible(119)</visible>
              </item>
              <item id="2">
                <label>$LOCALIZE[20343]</label>
                <label2>$INFO[Control.GetLabel(120),(,)]</label2>
                <onclick>noop</onclick>
                <visible>Control.IsVisible(129)</visible>
              </item>
              <item id="3">
                <label>$LOCALIZE[33054]</label>
                <label2>$INFO[Control.GetLabel(130),(,)]</label2>
                <onclick>noop</onclick>
                <visible>Control.IsVisible(139)</visible>
              </item>
              <item id="4">
                <label>$LOCALIZE[20360]</label>
                <label2>$INFO[Control.GetLabel(140),(,)]</label2>
                <onclick>noop</onclick>
                <visible>Control.IsVisible(149)</visible>
              </item>
              <item id="5">
                <label>$LOCALIZE[20389]</label>
                <label2>$INFO[Control.GetLabel(150),(,)]</label2>
                <onclick>noop</onclick>
                <visible>Control.IsVisible(159)</visible>
              </item>
              <item id="6">
                <label>$LOCALIZE[133]</label>
                <label2>$INFO[Control.GetLabel(160),(,)]</label2>
                <onclick>noop</onclick>
                <visible>Control.IsVisible(169)</visible>
              </item>
              <item id="7">
                <label>$LOCALIZE[132]</label>
                <label2>$INFO[Control.GetLabel(170),(,)]</label2>
                <onclick>noop</onclick>
                <visible>Control.IsVisible(179)</visible>
              </item>
              <item id="8">
                <label>$LOCALIZE[134]</label>
                <label2>$INFO[Control.GetLabel(180),(,)]</label2>
                <onclick>noop</onclick>
                <visible>Control.IsVisible(189)</visible>
              </item>
              <item id="9">
                <label>$LOCALIZE[344]</label>
                <label2>$INFO[Control.GetLabel(210),(,)]</label2>
                <onclick>noop</onclick>
                <visible>Control.IsVisible(219)</visible>
              </item>
              <item id="10">
                <label>$LOCALIZE[20348]</label>
                <label2>$INFO[Control.GetLabel(230),(,)]</label2>
                <onclick>noop</onclick>
                <visible>Control.IsVisible(239)</visible>
              </item>
              <item id="11">
                <label>$LOCALIZE[19069]</label>
                <label2>$INFO[Control.GetLabel(220),(,)]</label2>
                <onclick>noop</onclick>
                <visible>Control.IsVisible(229)</visible>
              </item>
            </content>
          </control>
        </control>
        <control type="group" id="101">
          <left>500</left>
          <control type="group" id="119">
            <control type="panel" id="111">
              <left>100</left>
              <top>60</top>
              <width>1500</width>
              <height>1000</height>
              <onleft>9000</onleft>
              <onright>531</onright>
              <onup>111</onup>
              <ondown>111</ondown>
              <pagecontrol>531</pagecontrol>
              <preloaditems>12</preloaditems>
              <pagecontrol>60</pagecontrol>
              <scrolltime>400</scrolltime>
              <visible>Container(9000).HasFocus(1)</visible>
              <itemlayout height="405" width="310">
                <include content="GenericFavouriteIconBig">
                  <param name="isFocused">false</param>
                </include>
              </itemlayout>
              <focusedlayout height="405" width="310">
                <include content="GenericFavouriteIconBig">
                  <param name="isFocused">true</param>
                </include>
              </focusedlayout>
            </control>
          </control>
          <control type="group" id="129">
            <control type="panel" id="121">
              <left>100</left>
              <top>60</top>
              <width>1500</width>
              <height>1000</height>
              <onleft>9000</onleft>
              <onright>531</onright>
              <onup>121</onup>
              <ondown>121</ondown>
              <pagecontrol>531</pagecontrol>
              <preloaditems>12</preloaditems>
              <pagecontrol>60</pagecontrol>
              <scrolltime>400</scrolltime>
              <visible>Container(9000).HasFocus(2)</visible>
              <itemlayout height="405" width="310">
                <include content="GenericFavouriteIconBig">
                  <param name="isFocused">false</param>
                </include>
              </itemlayout>
              <focusedlayout height="405" width="310">
                <include content="GenericFavouriteIconBig">
                  <param name="isFocused">true</param>
                </include>
              </focusedlayout>
            </control>
          </control>
          <control type="group" id="139">
            <control type="panel" id="131">
              <left>100</left>
              <top>60</top>
              <width>1500</width>
              <height>1000</height>
              <onleft>9000</onleft>
              <onright>531</onright>
              <onup>131</onup>
              <ondown>131</ondown>
              <pagecontrol>531</pagecontrol>
              <preloaditems>12</preloaditems>
              <pagecontrol>60</pagecontrol>
              <scrolltime>400</scrolltime>
              <visible>Container(9000).HasFocus(3)</visible>
              <itemlayout height="405" width="310">
                <include content="GenericFavouriteIconBig">
                  <param name="isFocused">false</param>
                </include>
              </itemlayout>
              <focusedlayout height="405" width="310">
                <include content="GenericFavouriteIconBig">
                  <param name="isFocused">true</param>
                </include>
              </focusedlayout>
            </control>
          </control>
          <control type="group" id="149">
            <control type="panel" id="141">
              <left>100</left>
              <top>60</top>
              <width>1500</width>
              <height>1000</height>
              <onleft>9000</onleft>
              <onright>531</onright>
              <onup>141</onup>
              <ondown>141</ondown>
              <pagecontrol>531</pagecontrol>
              <preloaditems>12</preloaditems>
              <pagecontrol>60</pagecontrol>
              <scrolltime>400</scrolltime>
              <visible>Container(9000).HasFocus(4)</visible>
              <itemlayout height="405" width="310">
                <include content="GenericFavouriteIconBig">
                  <param name="isFocused">false</param>
                </include>
              </itemlayout>
              <focusedlayout height="405" width="310">
                <include content="GenericFavouriteIconBig">
                  <param name="isFocused">true</param>
                </include>
              </focusedlayout>
            </control>
          </control>
          <control type="group" id="159">
            <control type="panel" id="151">
              <left>100</left>
              <top>60</top>
              <width>1500</width>
              <height>1000</height>
              <onleft>9000</onleft>
              <onright>531</onright>
              <onup>151</onup>
              <ondown>151</ondown>
              <pagecontrol>531</pagecontrol>
              <preloaditems>12</preloaditems>
              <pagecontrol>60</pagecontrol>
              <scrolltime>400</scrolltime>
              <visible>Container(9000).HasFocus(5)</visible>
              <itemlayout height="405" width="310">
                <include content="GenericFavouriteIconBig">
                  <param name="isFocused">false</param>
                </include>
              </itemlayout>
              <focusedlayout height="405" width="310">
                <include content="GenericFavouriteIconBig">
                  <param name="isFocused">true</param>
                </include>
              </focusedlayout>
            </control>
          </control>
          <control type="group" id="169">
            <control type="panel" id="161">
              <left>100</left>
              <top>60</top>
              <width>1500</width>
              <height>1000</height>
              <onleft>9000</onleft>
              <onright>531</onright>
              <onup>161</onup>
              <ondown>161</ondown>
              <pagecontrol>531</pagecontrol>
              <preloaditems>12</preloaditems>
              <pagecontrol>60</pagecontrol>
              <scrolltime>400</scrolltime>
              <visible>Container(9000).HasFocus(6)</visible>
              <itemlayout height="405" width="310">
                <include content="GenericFavouriteIconBig">
                  <param name="isFocused">false</param>
                </include>
              </itemlayout>
              <focusedlayout height="405" width="310">
                <include content="GenericFavouriteIconBig">
                  <param name="isFocused">true</param>
                </include>
              </focusedlayout>
            </control>
          </control>
          <control type="group" id="179">
            <control type="panel" id="171">
               <left>100</left>
              <top>60</top>
              <width>1500</width>
              <height>1000</height>
              <onleft>9000</onleft>
              <onright>531</onright>
              <onup>171</onup>
              <ondown>171</ondown>
              <pagecontrol>531</pagecontrol>
              <preloaditems>12</preloaditems>
              <pagecontrol>60</pagecontrol>
              <scrolltime>400</scrolltime>
              <visible>Container(9000).HasFocus(7)</visible>
              <itemlayout height="405" width="310">
                <include content="GenericFavouriteIconBig">
                  <param name="isFocused">false</param>
                </include>
              </itemlayout>
              <focusedlayout height="405" width="310">
                <include content="GenericFavouriteIconBig">
                  <param name="isFocused">true</param>
                </include>
              </focusedlayout>
            </control>
          </control>
          <control type="group" id="189">
            <control type="panel" id="181">
              <left>100</left>
              <top>60</top>
              <width>1500</width>
              <height>1000</height>
              <onleft>9000</onleft>
              <onright>531</onright>
              <onup>181</onup>
              <ondown>181</ondown>
              <pagecontrol>531</pagecontrol>
              <preloaditems>12</preloaditems>
              <pagecontrol>60</pagecontrol>
              <scrolltime>400</scrolltime>
              <visible>Container(9000).HasFocus(8)</visible>
              <itemlayout height="405" width="310">
                <include content="GenericFavouriteIconBig">
                  <param name="isFocused">false</param>
                </include>
              </itemlayout>
              <focusedlayout height="405" width="310">
                <include content="GenericFavouriteIconBig">
                  <param name="isFocused">true</param>
                </include>
              </focusedlayout>
            </control>
          </control>
          <control type="group" id="219">
            <control type="panel" id="211">
              <left>100</left>
              <top>60</top>
              <width>1500</width>
              <height>1000</height>
              <onleft>9000</onleft>
              <onright>531</onright>
              <onup>211</onup>
              <ondown>211</ondown>
              <pagecontrol>531</pagecontrol>
              <preloaditems>12</preloaditems>
              <pagecontrol>60</pagecontrol>
              <scrolltime>400</scrolltime>
              <visible>Container(9000).HasFocus(9)</visible>
              <itemlayout height="405" width="310">
                <include content="GenericFavouriteIconBig">
                  <param name="isFocused">false</param>
                </include>
              </itemlayout>
              <focusedlayout height="405" width="310">
                <include content="GenericFavouriteIconBig">
                  <param name="isFocused">true</param>
                </include>
              </focusedlayout>
            </control>
          </control>
          <control type="group" id="239">
            <control type="panel" id="231">
              <left>100</left>
              <top>60</top>
              <width>1500</width>
              <height>1000</height>
              <onleft>9000</onleft>
              <onright>531</onright>
              <onup>231</onup>
              <ondown>231</ondown>
              <pagecontrol>531</pagecontrol>
              <preloaditems>12</preloaditems>
              <pagecontrol>60</pagecontrol>
              <scrolltime>400</scrolltime>
              <visible>Container(9000).HasFocus(10)</visible>
              <itemlayout height="405" width="310">
                <include content="GenericFavouriteIconBig">
                  <param name="isFocused">false</param>
                </include>
              </itemlayout>
              <focusedlayout height="405" width="310">
                <include content="GenericFavouriteIconBig">
                  <param name="isFocused">true</param>
                </include>
              </focusedlayout>
            </control>
          </control>
          <control type="group" id="229">
            <control type="panel" id="221">
              <left>100</left>
              <top>60</top>
              <width>1500</width>
              <height>1000</height>
              <onleft>9000</onleft>
              <onright>531</onright>
              <onup>221</onup>
              <ondown>221</ondown>
              <pagecontrol>531</pagecontrol>
              <preloaditems>12</preloaditems>
              <pagecontrol>60</pagecontrol>
              <scrolltime>400</scrolltime>
              <visible>Container(9000).HasFocus(11)</visible>
              <itemlayout height="405" width="310">
                <include content="GenericFavouriteIconBig">
                  <param name="isFocused">false</param>
                </include>
              </itemlayout>
              <focusedlayout height="405" width="310">
                <include content="GenericFavouriteIconBig">
                  <param name="isFocused">true</param>
                </include>
              </focusedlayout>
            </control>
          </control>
        </control>
        <control type="scrollbar" id="531">
          <animation effect="slide" start="0,0" end="-8,0" time="150">Focus</animation>
          <animation effect="slide" start="-8,0" end="0,0" time="300">UnFocus</animation>
          <posx>21r</posx>
          <posy>99</posy>
          <width>36</width>
          <height>900</height>
          <texturesliderbackground></texturesliderbackground>
          <texturesliderbar></texturesliderbar>
          <texturesliderbarfocus></texturesliderbarfocus>
          <textureslidernib border="18">OSD/ScrollbarNibNF.png</textureslidernib>
          <textureslidernibfocus border="18">OSD/ScrollbarNibFO.png</textureslidernibfocus>
          <showonepage>false</showonepage>
          <orientation>vertical</orientation>
          <onleft>101</onleft>
          <onright>9000</onright>
        </control>
        <control type="label" id="199">
          <left>436</left>
          <width>1484</width>
          <height>920</height>
          <align>center</align>
          <aligny>center</aligny>
          <font>MainMenu</font>
          <label>$LOCALIZE[284]</label>
        </control>
      </control>
    </control>
  </controls>
</window>
