<?xml version="1.0" encoding="UTF-8"?>
<includes>
  <include name="View_55_BigPanel">
    <control type="group" description="Content">
      <include content="BackgroundOverlay">
        <param name="parentid" value="55"/>
      </include>
      <visible>Control.IsVisible(55)</visible>
      <include>ContentFade</include>
      <control type="panel" id="55" description="Big Panel">
        <viewtype label="$LOCALIZE[31958]">biginfo</viewtype>
        <left>960</left>
        <top>60</top>
        <width>930</width>
        <height>990</height>
        <orientation>vertical</orientation>
        <onleft>9000</onleft>
        <onright>65</onright>
        <onup>55</onup>
        <ondown>55</ondown>
        <preloaditems>4</preloaditems>
        <pagecontrol>65</pagecontrol>
        <visible>!Skin.HasSetting(hide.bigpanelview)</visible>

        <include content="BannerLayout">
          <param name="viewid">55</param>
        </include>

        <include content="PosterLayout">
          <param name="viewid">55</param>
        </include>

        <include content="EpisodeLayout">
          <param name="viewid">55</param>
        </include>

        <include content="MusicLayout">
          <param name="viewid">55</param>
        </include>

        <include content="ImageLayout">
          <param name="viewid">55</param>
        </include>

        <include content="AddonLayout">
          <param name="viewid">55</param>
        </include>

        <include content="GenericLayout">
          <param name="viewid">55</param>
        </include>
      </control>

      <include content="PanelTemplate">
        <param name="top">100</param>
        <param name="height">640</param>
        <param name="heading">$VAR[panelheading]</param>
        <param name="subheading">$VAR[panelsubheading]</param>
        <param name="plot">$VAR[Plots]</param>
        <param name="footer">$VAR[panelfooter]</param>
        <param name="visibility">![Container.Content(artists) | Container.Content(albums) | Container.Content(images)]</param>
      </include>
      <include content="PanelTemplate">
        <param name="top">100</param>
        <param name="height">760</param>
        <param name="heading">$VAR[panelheading]</param>
        <param name="subheading">$VAR[panelsubheading]</param>
        <param name="plot">$VAR[Plots]</param>
        <param name="footer"></param>
        <param name="visibility">Container.Content(images)</param>
      </include>
      <include content="PanelTemplate">
        <param name="top">100</param>
        <param name="height">640</param>
        <param name="heading">$VAR[panelheading]</param>
        <param name="subheading">$VAR[panelsubheading]</param>
        <param name="plot">$VAR[Plots]</param>
        <param name="subcontent_label">$INFO[ListItem.Label]$INFO[ListItem.Year,  (,)]</param>
        <param name="subcontent_path">$INFO[ListItem.FolderPath]</param>
        <param name="subcontent_visible">String.IsEmpty(ListItem.Property(Artist_Description))</param>
        <param name="subcontent_image_visible">false</param>
        <param name="footer"></param>
        <param name="footer">$VAR[panelfooter]</param>
        <param name="visibility">Container.Content(artists)</param>
      </include>
      <include content="PanelTemplate">
        <param name="top">100</param>
        <param name="height">640</param>
        <param name="heading">$VAR[panelheading]</param>
        <param name="subheading">$VAR[panelsubheading]</param>
        <param name="plot">$VAR[Plots]</param>
        <param name="subcontent_label">$INFO[ListItem.Label]$INFO[ListItem.Duration, • (,)]</param>
        <param name="subcontent_path">$INFO[ListItem.FolderPath]</param>
        <param name="subcontent_visible">String.IsEmpty(ListItem.Property(Album_Description))</param>
        <param name="subcontent_image_visible">false</param>
        <param name="footer">$VAR[panelfooter]</param>
        <param name="visibility">Container.Content(albums)</param>
      </include>

      <control type="scrollbar" id="65">
        <animation effect="slide" start="0,0" end="-8,0" time="150">Focus</animation>
        <animation effect="slide" start="-8,0" end="0,0" time="300">UnFocus</animation>
        <posx>20r</posx>
        <top>60</top>
        <width>36</width>
        <height>990</height>
        <texturesliderbackground></texturesliderbackground>
        <texturesliderbar></texturesliderbar>
        <texturesliderbarfocus></texturesliderbarfocus>
        <textureslidernib border="18">OSD/ScrollbarNibNF.png</textureslidernib>
        <textureslidernibfocus border="18">OSD/ScrollbarNibFO.png</textureslidernibfocus>
        <showonepage>false</showonepage>
        <orientation>vertical</orientation>
        <onleft>55</onleft>
        <onright>9000</onright>
      </control>
    </control>
  </include>
</includes>
